{
	"skin-name": "zoacznelo",
	"preview-bg": "#ffffff",
	"text": "#333333",
	"text-inverse": "#ffffff",
	"text-disabled": "#aaaaaa",
	"has-gradients": false,
	"has-radius": false,
	"has-boxshadow": false,
	"has-button-borders": false,
	"btn-text": "#333333",
	"btn-text-shadow": "#ffffff",
	"btn-bg": "#ffffff",
	"btn-bg-hlight": "#d9d9d9",
	"btn-border-top": "rgba(255,0,0,0)",
	"btn-border-right": "rgba(255,0,0,0)",
	"btn-border-bottom": "rgba(255,0,0,0)",
	"btn-border-left": "rgba(255,0,0,0)",
	"btn-split-border": "#bdbdbd",
	"btn-primary-text": "#333333",
	"btn-primary-text-shadow": "#ffffff",
	"btn-primary-bg": "#f0f0f0",
	"btn-primary-bg-hlight": "#f0f0f0",
	"btn-padding": "4px 8px",
	"menu-bg": "#ffffff",
	"menu-border": "rgba(0,0,0,0.2)",
	"menuitem-text": "#333333",
	"menuitem-bg-selected": "#f0f0f0",
	"menuitem-bg-selected-hlight": "#f0f0f0",
	"menuitem-separator-top": "#cbcbcb",
	"menuitem-separator-bottom": "#ffffff",
	"menuitem-text-inverse": "#333333",
	"menuitem-bg-active": "#f0f0f0",
	"menuitem-text-active": "#333333",
	"menuitem-preview-border-active": "#aaaaaa",
	"menubar-menubtn-text": "#333333",
	"checkbox-border": "#c5c5c5",
	"checkbox-border-focus": "#cccccc",
	"panel-border": "#e2e2e2",
	"panel-bg": "#fdfdfd",
	"panel-bg-hlight": "#dddddd",
	"textbox-bg": "#ffffff",
	"textbox-border": "#c5c5c5",
	"textbox-border-focus": "#cccccc",
	"window-bg": "#ffffff",
	"window-border": "#c4c4c4",
	"tab-bg": "#e3e3e3",
	"tab-bg-hover": "#fdfdfd",
	"tab-bg-active": "#fdfdfd",
	"tab-border": "#c5c5c5",
	"tabs-bg": "#ffffff",
	"slider-bg": "#eeeeee",
	"slider-border": "#aaaaaa",
	"slider-handle-bg": "#dddddd",
	"slider-handle-border": "#bbbbbb",
	"colorbtn-backcolor-bg": "#bbbbbb",
	"grid-border": "#d6d6d6",
	"grid-border-active": "#a1a1a1"
}